subset_id,subset_label,subset_size,k_pct,Precision_mean,Precision_std,Recall_mean,Recall_std,DOR_mean,DOR_std,n_obs
0,BIBLIO_ONLY,0,5,0.39343,0.07152,0.15782,0.02869,5.49501,2.0214,30
0,BIBLIO_ONLY,0,10,0.33052,0.04945,0.26516,0.03967,4.49632,1.23673,30
0,BIBLIO_ONLY,0,15,0.29421,0.04084,0.35405,0.04915,4.109,1.11085,30
0,BIBLIO_ONLY,0,20,0.2743,0.03161,0.44011,0.05071,4.06028,0.9802,30
1,cross_domain_attack,1,5,0.38732,0.08042,0.15537,0.03226,5.38355,2.02085,30
1,cross_domain_attack,1,10,0.33427,0.05044,0.26817,0.04046,4.59824,1.27876,30
1,cross_domain_attack,1,15,0.30282,0.04089,0.36441,0.0492,4.35538,1.14543,30
1,cross_domain_attack,1,20,0.275,0.03253,0.44124,0.05219,4.09507,1.05899,30
2,conf_gap_change,1,5,0.39014,0.0698,0.1565,0.028,5.38201,1.78712,30
2,conf_gap_change,1,10,0.32958,0.04866,0.26441,0.03904,4.46781,1.21145,30
2,conf_gap_change,1,15,0.30047,0.04156,0.36158,0.05001,4.29021,1.14048,30
2,conf_gap_change,1,20,0.2757,0.0325,0.44237,0.05214,4.1139,1.01947,30
3,var_conf_pro,1,5,0.3892,0.06974,0.15612,0.02797,5.36098,1.80915,30
3,var_conf_pro,1,10,0.33192,0.04597,0.26629,0.03688,4.51029,1.1196,30
3,var_conf_pro,1,15,0.30313,0.03706,0.36478,0.0446,4.33982,1.03075,30
3,var_conf_pro,1,20,0.27805,0.02875,0.44614,0.04613,4.16476,0.90087,30
4,H_final,1,5,0.39296,0.06972,0.15763,0.02797,5.44809,1.7636,30
4,H_final,1,10,0.32347,0.04469,0.25951,0.03585,4.2938,1.07248,30
4,H_final,1,15,0.29953,0.04211,0.36045,0.05067,4.26913,1.17826,30
4,H_final,1,20,0.27336,0.03186,0.43861,0.05113,4.03258,0.99398,30
5,delta_H,1,5,0.38685,0.07404,0.15518,0.0297,5.32958,1.88779,30
5,delta_H,1,10,0.31925,0.05063,0.25612,0.04061,4.2241,1.22739,30
5,delta_H,1,15,0.29124,0.04062,0.35047,0.04888,4.0224,1.05939,30
5,delta_H,1,20,0.27089,0.02979,0.43465,0.0478,3.93943,0.93084,30
6,semantic_coherence,1,5,0.39531,0.08442,0.15857,0.03386,5.64783,2.38938,30
6,semantic_coherence,1,10,0.32981,0.04668,0.2646,0.03745,4.46505,1.18359,30
6,semantic_coherence,1,15,0.30078,0.03873,0.36196,0.04661,4.28039,1.05494,30
6,semantic_coherence,1,20,0.27852,0.02687,0.44689,0.04311,4.16969,0.85954,30
7,prediction_volatility,1,5,0.37981,0.07772,0.15235,0.03117,5.17664,1.89666,30
7,prediction_volatility,1,10,0.32676,0.05491,0.26215,0.04405,4.43892,1.4151,30
7,prediction_volatility,1,15,0.2975,0.04021,0.358,0.04838,4.19982,1.12961,30
7,prediction_volatility,1,20,0.27359,0.03189,0.43898,0.05116,4.04076,1.00128,30
8,cross_domain_attack+conf_gap_change,2,5,0.38169,0.07447,0.15311,0.02987,5.1964,1.79317,30
8,cross_domain_attack+conf_gap_change,2,10,0.32817,0.05441,0.26328,0.04365,4.46675,1.3687,30
8,cross_domain_attack+conf_gap_change,2,15,0.2964,0.04373,0.35669,0.05262,4.18966,1.19852,30
8,cross_domain_attack+conf_gap_change,2,20,0.27371,0.03523,0.43917,0.05653,4.07017,1.0999,30
9,cross_domain_attack+var_conf_pro,2,5,0.38592,0.06715,0.1548,0.02694,5.25175,1.61832,30
9,cross_domain_attack+var_conf_pro,2,10,0.32653,0.04856,0.26196,0.03896,4.3867,1.1544,30
9,cross_domain_attack+var_conf_pro,2,15,0.29844,0.04015,0.35913,0.04832,4.22492,1.12322,30
9,cross_domain_attack+var_conf_pro,2,20,0.27711,0.02891,0.44463,0.04638,4.13484,0.90763,30
10,cross_domain_attack+H_final,2,5,0.39155,0.06854,0.15706,0.02749,5.39378,1.62037,30
10,cross_domain_attack+H_final,2,10,0.33146,0.05231,0.26591,0.04196,4.53778,1.33109,30
10,cross_domain_attack+H_final,2,15,0.29202,0.03837,0.35141,0.04617,4.03115,1.0115,30
10,cross_domain_attack+H_final,2,20,0.27394,0.02958,0.43955,0.04746,4.03482,0.91707,30
11,cross_domain_attack+delta_H,2,5,0.37418,0.06644,0.15009,0.02665,4.97398,1.62742,30
11,cross_domain_attack+delta_H,2,10,0.32488,0.04885,0.26064,0.03919,4.35338,1.22418,30
11,cross_domain_attack+delta_H,2,15,0.29484,0.03971,0.3548,0.04779,4.11899,1.07551,30
11,cross_domain_attack+delta_H,2,20,0.27254,0.02954,0.43729,0.0474,3.98847,0.90507,30
12,cross_domain_attack+semantic_coherence,2,5,0.40235,0.07376,0.16139,0.02959,5.733,2.03807,30
12,cross_domain_attack+semantic_coherence,2,10,0.33592,0.05085,0.26949,0.0408,4.64812,1.34693,30
12,cross_domain_attack+semantic_coherence,2,15,0.30266,0.04137,0.36422,0.04978,4.35808,1.19788,30
12,cross_domain_attack+semantic_coherence,2,20,0.27758,0.02972,0.44539,0.04769,4.15866,0.96248,30
13,cross_domain_attack+prediction_volatility,2,5,0.38169,0.07456,0.15311,0.02991,5.19689,1.79222,30
13,cross_domain_attack+prediction_volatility,2,10,0.32606,0.05811,0.26158,0.04662,4.44052,1.49519,30
13,cross_domain_attack+prediction_volatility,2,15,0.2989,0.04361,0.3597,0.05248,4.26123,1.21538,30
13,cross_domain_attack+prediction_volatility,2,20,0.27582,0.03465,0.44256,0.0556,4.13591,1.10041,30
14,conf_gap_change+var_conf_pro,2,5,0.37371,0.06848,0.14991,0.02747,4.98424,1.76028,30
14,conf_gap_change+var_conf_pro,2,10,0.32582,0.04461,0.26139,0.03579,4.35232,1.09002,30
14,conf_gap_change+var_conf_pro,2,15,0.29875,0.03863,0.35951,0.04648,4.22277,1.06219,30
14,conf_gap_change+var_conf_pro,2,20,0.27711,0.03131,0.44463,0.05023,4.15073,0.9742,30
15,conf_gap_change+H_final,2,5,0.36995,0.07238,0.1484,0.02903,4.89454,1.59858,30
15,conf_gap_change+H_final,2,10,0.32371,0.05323,0.2597,0.04271,4.34483,1.2806,30
15,conf_gap_change+H_final,2,15,0.29515,0.04096,0.35518,0.04929,4.13526,1.1105,30
15,conf_gap_change+H_final,2,20,0.27383,0.0305,0.43936,0.04893,4.03781,0.95215,30
16,conf_gap_change+delta_H,2,5,0.37981,0.06905,0.15235,0.0277,5.11832,1.6753,30
16,conf_gap_change+delta_H,2,10,0.323,0.05037,0.25913,0.04041,4.31524,1.24654,30
16,conf_gap_change+delta_H,2,15,0.29405,0.03857,0.35386,0.04641,4.09189,1.06108,30
16,conf_gap_change+delta_H,2,20,0.27124,0.02833,0.43522,0.04545,3.94119,0.89227,30
17,conf_gap_change+semantic_coherence,2,5,0.38638,0.08967,0.15499,0.03597,5.42069,2.16344,30
17,conf_gap_change+semantic_coherence,2,10,0.32254,0.05811,0.25876,0.04662,4.3506,1.44361,30
17,conf_gap_change+semantic_coherence,2,15,0.29624,0.03925,0.3565,0.04723,4.15618,1.0781,30
17,conf_gap_change+semantic_coherence,2,20,0.27817,0.02865,0.44633,0.04597,4.17157,0.93922,30
18,conf_gap_change+prediction_volatility,2,5,0.38826,0.07613,0.15574,0.03054,5.38439,2.01405,30
18,conf_gap_change+prediction_volatility,2,10,0.32441,0.04783,0.26026,0.03837,4.33355,1.16373,30
18,conf_gap_change+prediction_volatility,2,15,0.29499,0.04315,0.35499,0.05193,4.14246,1.14231,30
18,conf_gap_change+prediction_volatility,2,20,0.27347,0.03221,0.43879,0.05168,4.03972,1.01487,30
19,var_conf_pro+H_final,2,5,0.38169,0.06682,0.15311,0.0268,5.1533,1.65347,30
19,var_conf_pro+H_final,2,10,0.32324,0.05126,0.25932,0.04113,4.32044,1.21225,30
19,var_conf_pro+H_final,2,15,0.29061,0.04277,0.34972,0.05147,4.02025,1.12841,30
19,var_conf_pro+H_final,2,20,0.27077,0.03263,0.43446,0.05236,3.95167,0.97434,30
20,var_conf_pro+delta_H,2,5,0.38357,0.06499,0.15386,0.02607,5.18923,1.62896,30
20,var_conf_pro+delta_H,2,10,0.32324,0.05018,0.25932,0.04026,4.31753,1.21722,30
20,var_conf_pro+delta_H,2,15,0.29014,0.03921,0.34915,0.04719,3.98836,1.0658,30
20,var_conf_pro+delta_H,2,20,0.27289,0.03153,0.43785,0.05059,4.01611,0.99466,30
21,var_conf_pro+semantic_coherence,2,5,0.3939,0.0843,0.158,0.03382,5.59784,2.28368,30
21,var_conf_pro+semantic_coherence,2,10,0.3338,0.04703,0.2678,0.03773,4.57121,1.23572,30
21,var_conf_pro+semantic_coherence,2,15,0.29922,0.03715,0.36008,0.04471,4.2264,1.01083,30
21,var_conf_pro+semantic_coherence,2,20,0.27477,0.02804,0.44087,0.04499,4.05071,0.8649,30
22,var_conf_pro+prediction_volatility,2,5,0.38216,0.07756,0.1533,0.03111,5.23887,1.95471,30
22,var_conf_pro+prediction_volatility,2,10,0.32394,0.05021,0.25989,0.04028,4.33325,1.20254,30
22,var_conf_pro+prediction_volatility,2,15,0.2975,0.03853,0.358,0.04636,4.18775,1.06775,30
22,var_conf_pro+prediction_volatility,2,20,0.27265,0.03152,0.43748,0.05057,4.00421,0.95128,30
23,H_final+delta_H,2,5,0.37793,0.0695,0.1516,0.02788,5.08512,1.75196,30
23,H_final+delta_H,2,10,0.32418,0.04706,0.26008,0.03775,4.32604,1.17303,30
23,H_final+delta_H,2,15,0.29484,0.03595,0.3548,0.04327,4.09577,0.96147,30
23,H_final+delta_H,2,20,0.27453,0.02863,0.44049,0.04593,4.04821,0.89567,30
24,H_final+semantic_coherence,2,5,0.39437,0.08254,0.15819,0.03311,5.58199,2.14333,30
24,H_final+semantic_coherence,2,10,0.33169,0.05364,0.2661,0.04304,4.55516,1.39546,30
24,H_final+semantic_coherence,2,15,0.29593,0.03962,0.35612,0.04767,4.14956,1.08235,30
24,H_final+semantic_coherence,2,20,0.27031,0.02961,0.43371,0.04752,3.9188,0.91343,30
25,H_final+prediction_volatility,2,5,0.38545,0.07177,0.15461,0.02879,5.26655,1.71467,30
25,H_final+prediction_volatility,2,10,0.32629,0.04946,0.26177,0.03968,4.3872,1.19348,30
25,H_final+prediction_volatility,2,15,0.29452,0.04401,0.35443,0.05296,4.13943,1.20677,30
25,H_final+prediction_volatility,2,20,0.27148,0.03214,0.43559,0.05157,3.97295,0.98635,30
26,delta_H+semantic_coherence,2,5,0.39202,0.08146,0.15725,0.03268,5.51173,2.09428,30
26,delta_H+semantic_coherence,2,10,0.33404,0.05353,0.26798,0.04294,4.6139,1.38965,30
26,delta_H+semantic_coherence,2,15,0.30219,0.04107,0.36365,0.04942,4.33955,1.16154,30
26,delta_H+semantic_coherence,2,20,0.2804,0.03157,0.44991,0.05065,4.26813,1.03593,30
27,delta_H+prediction_volatility,2,5,0.37512,0.07763,0.15047,0.03114,5.06524,1.88594,30
27,delta_H+prediction_volatility,2,10,0.31972,0.05343,0.2565,0.04286,4.25419,1.33488,30
27,delta_H+prediction_volatility,2,15,0.29233,0.04067,0.35179,0.04894,4.05697,1.1119,30
27,delta_H+prediction_volatility,2,20,0.26831,0.03103,0.43051,0.0498,3.86235,0.9143,30
28,semantic_coherence+prediction_volatility,2,5,0.39108,0.08936,0.15687,0.03585,5.58578,2.52674,30
28,semantic_coherence+prediction_volatility,2,10,0.32934,0.05419,0.26422,0.04348,4.49858,1.39969,30
28,semantic_coherence+prediction_volatility,2,15,0.29656,0.04024,0.35687,0.04842,4.17401,1.13425,30
28,semantic_coherence+prediction_volatility,2,20,0.27394,0.03266,0.43955,0.0524,4.06006,1.04788,30
29,cross_domain_attack+conf_gap_change+var_conf_pro,3,5,0.37136,0.06217,0.14896,0.02494,4.87867,1.45329,30
29,cross_domain_attack+conf_gap_change+var_conf_pro,3,10,0.3277,0.05321,0.2629,0.04269,4.44587,1.31387,30
29,cross_domain_attack+conf_gap_change+var_conf_pro,3,15,0.30016,0.04215,0.36121,0.05073,4.28334,1.14591,30
29,cross_domain_attack+conf_gap_change+var_conf_pro,3,20,0.277,0.03563,0.44444,0.05716,4.17838,1.09387,30
30,cross_domain_attack+conf_gap_change+H_final,3,5,0.37136,0.07158,0.14896,0.02871,4.92545,1.61166,30
30,cross_domain_attack+conf_gap_change+H_final,3,10,0.32113,0.05378,0.25763,0.04314,4.28766,1.31477,30
30,cross_domain_attack+conf_gap_change+H_final,3,15,0.29092,0.04536,0.35009,0.05458,4.0487,1.22355,30
30,cross_domain_attack+conf_gap_change+H_final,3,20,0.26972,0.03464,0.43277,0.05559,3.93441,1.04494,30
31,cross_domain_attack+conf_gap_change+delta_H,3,5,0.37183,0.06886,0.14915,0.02762,4.91514,1.50293,30
31,cross_domain_attack+conf_gap_change+delta_H,3,10,0.33075,0.05216,0.26535,0.04185,4.51906,1.32245,30
31,cross_domain_attack+conf_gap_change+delta_H,3,15,0.30266,0.04048,0.36422,0.04871,4.3478,1.13103,30
31,cross_domain_attack+conf_gap_change+delta_H,3,20,0.27606,0.03156,0.44294,0.05063,4.1206,1.00939,30
32,cross_domain_attack+conf_gap_change+semantic_coherence,3,5,0.39061,0.06678,0.15669,0.02679,5.36933,1.67314,30
32,cross_domain_attack+conf_gap_change+semantic_coherence,3,10,0.33545,0.05623,0.26911,0.04511,4.66478,1.43544,30
32,cross_domain_attack+conf_gap_change+semantic_coherence,3,15,0.30031,0.03882,0.36139,0.04672,4.26848,1.06752,30
32,cross_domain_attack+conf_gap_change+semantic_coherence,3,20,0.27711,0.0311,0.44463,0.0499,4.15036,0.98021,30
33,cross_domain_attack+conf_gap_change+prediction_volatility,3,5,0.38967,0.07936,0.15631,0.03183,5.45942,2.21503,30
33,cross_domain_attack+conf_gap_change+prediction_volatility,3,10,0.32911,0.05373,0.26403,0.0431,4.48682,1.35726,30
33,cross_domain_attack+conf_gap_change+prediction_volatility,3,15,0.29984,0.04435,0.36083,0.05337,4.2897,1.20182,30
33,cross_domain_attack+conf_gap_change+prediction_volatility,3,20,0.2784,0.03409,0.4467,0.05469,4.21597,1.06847,30
34,cross_domain_attack+var_conf_pro+H_final,3,5,0.37746,0.07447,0.15141,0.02987,5.11472,1.96816,30
34,cross_domain_attack+var_conf_pro+H_final,3,10,0.32207,0.04903,0.25838,0.03934,4.2836,1.19633,30
34,cross_domain_attack+var_conf_pro+H_final,3,15,0.29468,0.03962,0.35461,0.04768,4.11568,1.092,30
34,cross_domain_attack+var_conf_pro+H_final,3,20,0.2743,0.03283,0.44011,0.05267,4.06888,1.01011,30
35,cross_domain_attack+var_conf_pro+delta_H,3,5,0.37793,0.06033,0.1516,0.0242,5.03122,1.53382,30
35,cross_domain_attack+var_conf_pro+delta_H,3,10,0.323,0.04846,0.25913,0.03888,4.30244,1.17536,30
35,cross_domain_attack+var_conf_pro+delta_H,3,15,0.29124,0.04007,0.35047,0.04823,4.01787,1.02909,30
35,cross_domain_attack+var_conf_pro+delta_H,3,20,0.26913,0.03385,0.43183,0.05431,3.90825,1.00314,30
36,cross_domain_attack+var_conf_pro+semantic_coherence,3,5,0.38873,0.06955,0.15593,0.0279,5.34947,1.82185,30
36,cross_domain_attack+var_conf_pro+semantic_coherence,3,10,0.33498,0.04746,0.26874,0.03808,4.59318,1.13476,30
36,cross_domain_attack+var_conf_pro+semantic_coherence,3,15,0.29984,0.03733,0.36083,0.04492,4.24509,1.01777,30
36,cross_domain_attack+var_conf_pro+semantic_coherence,3,20,0.27653,0.03232,0.44369,0.05186,4.13865,1.00235,30
37,cross_domain_attack+var_conf_pro+prediction_volatility,3,5,0.38075,0.07262,0.15273,0.02913,5.17692,1.89086,30
37,cross_domain_attack+var_conf_pro+prediction_volatility,3,10,0.32512,0.04994,0.26083,0.04006,4.36955,1.30485,30
37,cross_domain_attack+var_conf_pro+prediction_volatility,3,15,0.29624,0.04154,0.3565,0.04999,4.16648,1.09428,30
37,cross_domain_attack+var_conf_pro+prediction_volatility,3,20,0.2757,0.03316,0.44237,0.05321,4.11472,0.99605,30
38,cross_domain_attack+H_final+delta_H,3,5,0.37559,0.0705,0.15066,0.02828,5.03176,1.73079,30
38,cross_domain_attack+H_final+delta_H,3,10,0.32535,0.05137,0.26102,0.04121,4.37583,1.25032,30
38,cross_domain_attack+H_final+delta_H,3,15,0.29656,0.03653,0.35687,0.04397,4.14797,0.99148,30
38,cross_domain_attack+H_final+delta_H,3,20,0.2723,0.02791,0.43691,0.04479,3.97195,0.87579,30
39,cross_domain_attack+H_final+semantic_coherence,3,5,0.40141,0.07605,0.16102,0.03051,5.72496,2.09386,30
39,cross_domain_attack+H_final+semantic_coherence,3,10,0.33333,0.04873,0.26742,0.0391,4.56999,1.29685,30
39,cross_domain_attack+H_final+semantic_coherence,3,15,0.2989,0.03925,0.3597,0.04723,4.23447,1.11992,30
39,cross_domain_attack+H_final+semantic_coherence,3,20,0.275,0.02972,0.44124,0.04769,4.07196,0.94174,30
40,cross_domain_attack+H_final+prediction_volatility,3,5,0.37277,0.0756,0.14953,0.03032,4.9941,1.80516,30
40,cross_domain_attack+H_final+prediction_volatility,3,10,0.31502,0.05631,0.25273,0.04517,4.15501,1.35122,30
40,cross_domain_attack+H_final+prediction_volatility,3,15,0.29171,0.04066,0.35104,0.04893,4.03866,1.09423,30
40,cross_domain_attack+H_final+prediction_volatility,3,20,0.27148,0.03216,0.43559,0.0516,3.97294,0.98442,30
41,cross_domain_attack+delta_H+semantic_coherence,3,5,0.39061,0.07229,0.15669,0.029,5.41441,1.88558,30
41,cross_domain_attack+delta_H+semantic_coherence,3,10,0.33099,0.04556,0.26554,0.03655,4.4922,1.20088,30
41,cross_domain_attack+delta_H+semantic_coherence,3,15,0.30141,0.03837,0.36271,0.04617,4.30146,1.10652,30
41,cross_domain_attack+delta_H+semantic_coherence,3,20,0.27817,0.02878,0.44633,0.04619,4.16992,0.91637,30
42,cross_domain_attack+delta_H+prediction_volatility,3,5,0.38545,0.07798,0.15461,0.03128,5.33276,2.06213,30
42,cross_domain_attack+delta_H+prediction_volatility,3,10,0.3223,0.05532,0.25857,0.04438,4.32784,1.38199,30
42,cross_domain_attack+delta_H+prediction_volatility,3,15,0.29405,0.0414,0.35386,0.04982,4.11048,1.15439,30
42,cross_domain_attack+delta_H+prediction_volatility,3,20,0.27242,0.02756,0.4371,0.04422,3.97233,0.85193,30
43,cross_domain_attack+semantic_coherence+prediction_volatility,3,5,0.39531,0.07516,0.15857,0.03015,5.55687,2.00624,30
43,cross_domain_attack+semantic_coherence+prediction_volatility,3,10,0.34272,0.05229,0.27495,0.04195,4.83608,1.39997,30
43,cross_domain_attack+semantic_coherence+prediction_volatility,3,15,0.30469,0.0403,0.36667,0.0485,4.4115,1.18791,30
43,cross_domain_attack+semantic_coherence+prediction_volatility,3,20,0.27735,0.02694,0.44501,0.04322,4.13186,0.87547,30
44,conf_gap_change+var_conf_pro+H_final,3,5,0.3723,0.06274,0.14934,0.02517,4.89906,1.42288,30
44,conf_gap_change+var_conf_pro+H_final,3,10,0.323,0.04743,0.25913,0.03805,4.29828,1.16467,30
44,conf_gap_change+var_conf_pro+H_final,3,15,0.2964,0.04231,0.35669,0.05092,4.17843,1.1454,30
44,conf_gap_change+var_conf_pro+H_final,3,20,0.27277,0.0316,0.43766,0.0507,4.01021,0.9698,30
45,conf_gap_change+var_conf_pro+delta_H,3,5,0.36808,0.05775,0.14765,0.02316,4.78713,1.4045,30
45,conf_gap_change+var_conf_pro+delta_H,3,10,0.32136,0.04331,0.25782,0.03475,4.24002,1.08417,30
45,conf_gap_change+var_conf_pro+delta_H,3,15,0.29045,0.03751,0.34953,0.04514,3.98493,0.9976,30
45,conf_gap_change+var_conf_pro+delta_H,3,20,0.2696,0.02912,0.43258,0.04672,3.8907,0.8686,30
46,conf_gap_change+var_conf_pro+semantic_coherence,3,5,0.38498,0.07137,0.15443,0.02863,5.27061,1.87686,30
46,conf_gap_change+var_conf_pro+semantic_coherence,3,10,0.32958,0.04817,0.26441,0.03864,4.46612,1.21023,30
46,conf_gap_change+var_conf_pro+semantic_coherence,3,15,0.29765,0.04242,0.35819,0.05104,4.21654,1.17341,30
46,conf_gap_change+var_conf_pro+semantic_coherence,3,20,0.27606,0.03367,0.44294,0.05402,4.13421,1.05639,30
47,conf_gap_change+var_conf_pro+prediction_volatility,3,5,0.37136,0.06117,0.14896,0.02454,4.86778,1.36588,30
47,conf_gap_change+var_conf_pro+prediction_volatility,3,10,0.3216,0.05193,0.258,0.04166,4.28863,1.27749,30
47,conf_gap_change+var_conf_pro+prediction_volatility,3,15,0.29264,0.04073,0.35217,0.04901,4.063,1.08162,30
47,conf_gap_change+var_conf_pro+prediction_volatility,3,20,0.27218,0.03329,0.43672,0.05342,4.00417,1.02523,30
48,conf_gap_change+H_final+delta_H,3,5,0.36573,0.06755,0.1467,0.02709,4.77295,1.49971,30
48,conf_gap_change+H_final+delta_H,3,10,0.32441,0.04815,0.26026,0.03863,4.33609,1.17932,30
48,conf_gap_change+H_final+delta_H,3,15,0.29077,0.03556,0.34991,0.04279,3.98027,0.91784,30
48,conf_gap_change+H_final+delta_H,3,20,0.2716,0.02823,0.43578,0.04529,3.9486,0.85342,30
49,conf_gap_change+H_final+semantic_coherence,3,5,0.39577,0.07147,0.15876,0.02867,5.52427,1.76321,30
49,conf_gap_change+H_final+semantic_coherence,3,10,0.33263,0.05422,0.26685,0.0435,4.58206,1.40743,30
49,conf_gap_change+H_final+semantic_coherence,3,15,0.29186,0.04159,0.35122,0.05005,4.05022,1.14045,30
49,conf_gap_change+H_final+semantic_coherence,3,20,0.27066,0.0321,0.43427,0.0515,3.94797,1.00132,30
50,conf_gap_change+H_final+prediction_volatility,3,5,0.36667,0.07448,0.14708,0.02988,4.84008,1.70281,30
50,conf_gap_change+H_final+prediction_volatility,3,10,0.31714,0.05513,0.25443,0.04422,4.19689,1.31694,30
50,conf_gap_change+H_final+prediction_volatility,3,15,0.28858,0.04253,0.34727,0.05118,3.96226,1.10365,30
50,conf_gap_change+H_final+prediction_volatility,3,20,0.27124,0.03383,0.43522,0.05428,3.98108,1.06846,30
51,conf_gap_change+delta_H+semantic_coherence,3,5,0.38779,0.07302,0.15556,0.02929,5.34958,1.90012,30
51,conf_gap_change+delta_H+semantic_coherence,3,10,0.33052,0.04973,0.26516,0.03989,4.49981,1.27111,30
51,conf_gap_change+delta_H+semantic_coherence,3,15,0.30094,0.04112,0.36215,0.04948,4.30364,1.15968,30
51,conf_gap_change+delta_H+semantic_coherence,3,20,0.2743,0.03402,0.44011,0.05458,4.07616,1.033,30
52,conf_gap_change+delta_H+prediction_volatility,3,5,0.37183,0.06826,0.14915,0.02738,4.91886,1.55498,30
52,conf_gap_change+delta_H+prediction_volatility,3,10,0.32347,0.05536,0.25951,0.04441,4.35078,1.32508,30
52,conf_gap_change+delta_H+prediction_volatility,3,15,0.29045,0.03863,0.34953,0.04649,3.99004,1.01165,30
52,conf_gap_change+delta_H+prediction_volatility,3,20,0.27195,0.03243,0.43635,0.05203,3.99112,1.00436,30
53,conf_gap_change+semantic_coherence+prediction_volatility,3,5,0.38685,0.08169,0.15518,0.03277,5.39293,2.14921,30
53,conf_gap_change+semantic_coherence+prediction_volatility,3,10,0.32653,0.05764,0.26196,0.04624,4.4502,1.48484,30
53,conf_gap_change+semantic_coherence+prediction_volatility,3,15,0.2964,0.0415,0.35669,0.04994,4.17698,1.15741,30
53,conf_gap_change+semantic_coherence+prediction_volatility,3,20,0.27559,0.03268,0.44218,0.05243,4.11003,1.01156,30
54,var_conf_pro+H_final+delta_H,3,5,0.36948,0.06746,0.14821,0.02706,4.87413,1.65743,30
54,var_conf_pro+H_final+delta_H,3,10,0.31878,0.04819,0.25574,0.03866,4.20122,1.18365,30
54,var_conf_pro+H_final+delta_H,3,15,0.29452,0.03903,0.35443,0.04696,4.1056,1.04958,30
54,var_conf_pro+H_final+delta_H,3,20,0.27477,0.02904,0.44087,0.0466,4.05822,0.90451,30
55,var_conf_pro+H_final+semantic_coherence,3,5,0.40094,0.07835,0.16083,0.03143,5.7307,2.15998,30
55,var_conf_pro+H_final+semantic_coherence,3,10,0.32911,0.04708,0.26403,0.03777,4.45324,1.23742,30
55,var_conf_pro+H_final+semantic_coherence,3,15,0.29343,0.03605,0.35311,0.04338,4.0604,0.99657,30
55,var_conf_pro+H_final+semantic_coherence,3,20,0.27289,0.03098,0.43785,0.04971,4.01208,0.97614,30
56,var_conf_pro+H_final+prediction_volatility,3,5,0.37512,0.07485,0.15047,0.03002,5.0469,1.82172,30
56,var_conf_pro+H_final+prediction_volatility,3,10,0.32606,0.05146,0.26158,0.04128,4.39433,1.25996,30
56,var_conf_pro+H_final+prediction_volatility,3,15,0.29171,0.03947,0.35104,0.0475,4.02786,1.02221,30
56,var_conf_pro+H_final+prediction_volatility,3,20,0.26913,0.03058,0.43183,0.04907,3.88514,0.90457,30
57,var_conf_pro+delta_H+semantic_coherence,3,5,0.39718,0.07032,0.15932,0.02821,5.56411,1.832,30
57,var_conf_pro+delta_H+semantic_coherence,3,10,0.33709,0.04986,0.27043,0.04,4.668,1.27617,30
57,var_conf_pro+delta_H+semantic_coherence,3,15,0.29577,0.03782,0.35593,0.04551,4.13568,1.04873,30
57,var_conf_pro+delta_H+semantic_coherence,3,20,0.27394,0.03028,0.43955,0.04859,4.03868,0.92934,30
58,var_conf_pro+delta_H+prediction_volatility,3,5,0.37371,0.06393,0.14991,0.02564,4.94633,1.54076,30
58,var_conf_pro+delta_H+prediction_volatility,3,10,0.31901,0.05433,0.25593,0.04359,4.2381,1.30539,30
58,var_conf_pro+delta_H+prediction_volatility,3,15,0.29124,0.04186,0.35047,0.05037,4.03413,1.13682,30
58,var_conf_pro+delta_H+prediction_volatility,3,20,0.26667,0.03096,0.42787,0.04967,3.81556,0.9647,30
59,var_conf_pro+semantic_coherence+prediction_volatility,3,5,0.38685,0.07283,0.15518,0.02922,5.32542,1.88695,30
59,var_conf_pro+semantic_coherence+prediction_volatility,3,10,0.32934,0.05204,0.26422,0.04175,4.4851,1.3433,30
59,var_conf_pro+semantic_coherence+prediction_volatility,3,15,0.29609,0.04033,0.35631,0.04853,4.15617,1.07861,30
59,var_conf_pro+semantic_coherence+prediction_volatility,3,20,0.27136,0.03119,0.4354,0.05005,3.96026,0.93317,30
60,H_final+delta_H+semantic_coherence,3,5,0.39624,0.07632,0.15895,0.03061,5.59197,2.07694,30
60,H_final+delta_H+semantic_coherence,3,10,0.33521,0.04677,0.26893,0.03752,4.60497,1.2207,30
60,H_final+delta_H+semantic_coherence,3,15,0.30016,0.0383,0.36121,0.04609,4.26109,1.05609,30
60,H_final+delta_H+semantic_coherence,3,20,0.27817,0.03199,0.44633,0.05133,4.19208,1.00563,30
61,H_final+delta_H+prediction_volatility,3,5,0.37136,0.07466,0.14896,0.02995,4.95261,1.76603,30
61,H_final+delta_H+prediction_volatility,3,10,0.31995,0.04999,0.25669,0.04011,4.23612,1.20082,30
61,H_final+delta_H+prediction_volatility,3,15,0.29233,0.03982,0.35179,0.04791,4.04988,1.06757,30
61,H_final+delta_H+prediction_volatility,3,20,0.26854,0.03137,0.43089,0.05033,3.87233,0.92832,30
62,H_final+semantic_coherence+prediction_volatility,3,5,0.38779,0.08633,0.15556,0.03463,5.45259,2.27022,30
62,H_final+semantic_coherence+prediction_volatility,3,10,0.33498,0.05438,0.26874,0.04363,4.64361,1.41769,30
62,H_final+semantic_coherence+prediction_volatility,3,15,0.30172,0.04104,0.36309,0.04939,4.32816,1.18329,30
62,H_final+semantic_coherence+prediction_volatility,3,20,0.27453,0.03164,0.44049,0.05076,4.07134,1.01382,30
63,delta_H+semantic_coherence+prediction_volatility,3,5,0.38122,0.07958,0.15292,0.03192,5.22904,1.98341,30
63,delta_H+semantic_coherence+prediction_volatility,3,10,0.32864,0.05265,0.26365,0.04224,4.46977,1.33912,30
63,delta_H+semantic_coherence+prediction_volatility,3,15,0.29687,0.03807,0.35725,0.04582,4.16925,1.07289,30
63,delta_H+semantic_coherence+prediction_volatility,3,20,0.27664,0.03089,0.44388,0.04956,4.13741,1.01545,30
64,cross_domain_attack+conf_gap_change+var_conf_pro+H_final,4,5,0.37089,0.06803,0.14878,0.02729,4.91277,1.72068,30
64,cross_domain_attack+conf_gap_change+var_conf_pro+H_final,4,10,0.3216,0.04774,0.258,0.0383,4.26869,1.20803,30
64,cross_domain_attack+conf_gap_change+var_conf_pro+H_final,4,15,0.29421,0.03909,0.35405,0.04704,4.09673,1.0506,30
64,cross_domain_attack+conf_gap_change+var_conf_pro+H_final,4,20,0.27089,0.03037,0.43465,0.04873,3.93947,0.90798,30
65,cross_domain_attack+conf_gap_change+var_conf_pro+delta_H,4,5,0.37746,0.06631,0.15141,0.0266,5.0353,1.48564,30
65,cross_domain_attack+conf_gap_change+var_conf_pro+delta_H,4,10,0.32324,0.05106,0.25932,0.04097,4.32547,1.27699,30
65,cross_domain_attack+conf_gap_change+var_conf_pro+delta_H,4,15,0.29327,0.04091,0.35292,0.04922,4.08055,1.07999,30
65,cross_domain_attack+conf_gap_change+var_conf_pro+delta_H,4,20,0.27031,0.03367,0.43371,0.05402,3.9443,1.0093,30
66,cross_domain_attack+conf_gap_change+var_conf_pro+semantic_coherence,4,5,0.37512,0.07148,0.15047,0.02867,5.01571,1.65053,30
66,cross_domain_attack+conf_gap_change+var_conf_pro+semantic_coherence,4,10,0.32746,0.04941,0.26271,0.03964,4.41774,1.21292,30
66,cross_domain_attack+conf_gap_change+var_conf_pro+semantic_coherence,4,15,0.29797,0.04091,0.35857,0.04922,4.21226,1.09697,30
66,cross_domain_attack+conf_gap_change+var_conf_pro+semantic_coherence,4,20,0.27383,0.03113,0.43936,0.04996,4.04008,0.95324,30
67,cross_domain_attack+conf_gap_change+var_conf_pro+prediction_volatility,4,5,0.3831,0.06474,0.15367,0.02597,5.17667,1.64092,30
67,cross_domain_attack+conf_gap_change+var_conf_pro+prediction_volatility,4,10,0.31925,0.05399,0.25612,0.04332,4.24784,1.36544,30
67,cross_domain_attack+conf_gap_change+var_conf_pro+prediction_volatility,4,15,0.29531,0.04043,0.35537,0.04865,4.13667,1.10384,30
67,cross_domain_attack+conf_gap_change+var_conf_pro+prediction_volatility,4,20,0.27312,0.03468,0.43823,0.05565,4.04282,1.04902,30
68,cross_domain_attack+conf_gap_change+H_final+delta_H,4,5,0.36948,0.07015,0.14821,0.02814,4.88361,1.6635,30
68,cross_domain_attack+conf_gap_change+H_final+delta_H,4,10,0.32207,0.05155,0.25838,0.04136,4.29697,1.25661,30
68,cross_domain_attack+conf_gap_change+H_final+delta_H,4,15,0.29374,0.0407,0.35348,0.04898,4.09245,1.07714,30
68,cross_domain_attack+conf_gap_change+H_final+delta_H,4,20,0.26984,0.02708,0.43296,0.04345,3.88679,0.82481,30
69,cross_domain_attack+conf_gap_change+H_final+semantic_coherence,4,5,0.39108,0.07198,0.15687,0.02887,5.41294,1.78707,30
69,cross_domain_attack+conf_gap_change+H_final+semantic_coherence,4,10,0.32817,0.05723,0.26328,0.04591,4.49384,1.52683,30
69,cross_domain_attack+conf_gap_change+H_final+semantic_coherence,4,15,0.29859,0.04229,0.35932,0.05089,4.24863,1.22971,30
69,cross_domain_attack+conf_gap_change+H_final+semantic_coherence,4,20,0.27641,0.03227,0.4435,0.05178,4.14123,1.07518,30
70,cross_domain_attack+conf_gap_change+H_final+prediction_volatility,4,5,0.37277,0.06676,0.14953,0.02678,4.93437,1.53944,30
70,cross_domain_attack+conf_gap_change+H_final+prediction_volatility,4,10,0.32066,0.05771,0.25725,0.0463,4.30516,1.45981,30
70,cross_domain_attack+conf_gap_change+H_final+prediction_volatility,4,15,0.29155,0.04123,0.35085,0.04962,4.0379,1.11171,30
70,cross_domain_attack+conf_gap_change+H_final+prediction_volatility,4,20,0.27312,0.03275,0.43823,0.05255,4.03072,1.01116,30
71,cross_domain_attack+conf_gap_change+delta_H+semantic_coherence,4,5,0.39249,0.07694,0.15744,0.03086,5.48602,1.95144,30
71,cross_domain_attack+conf_gap_change+delta_H+semantic_coherence,4,10,0.33239,0.05503,0.26667,0.04415,4.58038,1.41622,30
71,cross_domain_attack+conf_gap_change+delta_H+semantic_coherence,4,15,0.29953,0.03732,0.36045,0.04491,4.24117,1.07546,30
71,cross_domain_attack+conf_gap_change+delta_H+semantic_coherence,4,20,0.27512,0.03291,0.44143,0.05281,4.09559,1.00875,30
72,cross_domain_attack+conf_gap_change+delta_H+prediction_volatility,4,5,0.36808,0.06562,0.14765,0.02632,4.82671,1.56825,30
72,cross_domain_attack+conf_gap_change+delta_H+prediction_volatility,4,10,0.32441,0.05621,0.26026,0.0451,4.38656,1.42381,30
72,cross_domain_attack+conf_gap_change+delta_H+prediction_volatility,4,15,0.29452,0.04324,0.35443,0.05203,4.13576,1.20323,30
72,cross_domain_attack+conf_gap_change+delta_H+prediction_volatility,4,20,0.27042,0.03324,0.4339,0.05334,3.94732,1.01498,30
73,cross_domain_attack+conf_gap_change+semantic_coherence+prediction_volatility,4,5,0.3831,0.07584,0.15367,0.03042,5.25618,1.96973,30
73,cross_domain_attack+conf_gap_change+semantic_coherence+prediction_volatility,4,10,0.32793,0.05429,0.26309,0.04355,4.46699,1.43188,30
73,cross_domain_attack+conf_gap_change+semantic_coherence+prediction_volatility,4,15,0.2989,0.03848,0.3597,0.04631,4.22931,1.08867,30
73,cross_domain_attack+conf_gap_change+semantic_coherence+prediction_volatility,4,20,0.27782,0.03233,0.44576,0.05187,4.18992,1.08297,30
74,cross_domain_attack+var_conf_pro+H_final+delta_H,4,5,0.37606,0.07019,0.15085,0.02816,5.0525,1.83163,30
74,cross_domain_attack+var_conf_pro+H_final+delta_H,4,10,0.31878,0.05227,0.25574,0.04194,4.22258,1.27386,30
74,cross_domain_attack+var_conf_pro+H_final+delta_H,4,15,0.29108,0.04046,0.35028,0.04869,4.02252,1.11685,30
74,cross_domain_attack+var_conf_pro+H_final+delta_H,4,20,0.2689,0.02795,0.43145,0.04484,3.86221,0.84109,30
75,cross_domain_attack+var_conf_pro+H_final+semantic_coherence,4,5,0.39296,0.06506,0.15763,0.0261,5.42881,1.73613,30
75,cross_domain_attack+var_conf_pro+H_final+semantic_coherence,4,10,0.33099,0.05088,0.26554,0.04082,4.51924,1.31129,30
75,cross_domain_attack+var_conf_pro+H_final+semantic_coherence,4,15,0.2989,0.03882,0.3597,0.04671,4.23238,1.11318,30
75,cross_domain_attack+var_conf_pro+H_final+semantic_coherence,4,20,0.27653,0.02769,0.44369,0.04443,4.10664,0.86291,30
76,cross_domain_attack+var_conf_pro+H_final+prediction_volatility,4,5,0.37793,0.07202,0.1516,0.02889,5.08547,1.67239,30
76,cross_domain_attack+var_conf_pro+H_final+prediction_volatility,4,10,0.31948,0.04699,0.25631,0.0377,4.20915,1.12334,30
76,cross_domain_attack+var_conf_pro+H_final+prediction_volatility,4,15,0.29233,0.03717,0.35179,0.04473,4.03555,1.01016,30
76,cross_domain_attack+var_conf_pro+H_final+prediction_volatility,4,20,0.27101,0.02894,0.43484,0.04643,3.9343,0.86853,30
77,cross_domain_attack+var_conf_pro+delta_H+semantic_coherence,4,5,0.38357,0.07367,0.15386,0.02955,5.24485,1.85899,30
77,cross_domain_attack+var_conf_pro+delta_H+semantic_coherence,4,10,0.32394,0.05442,0.25989,0.04366,4.36451,1.38534,30
77,cross_domain_attack+var_conf_pro+delta_H+semantic_coherence,4,15,0.29531,0.04039,0.35537,0.04861,4.14014,1.13777,30
77,cross_domain_attack+var_conf_pro+delta_H+semantic_coherence,4,20,0.27453,0.03086,0.44049,0.04951,4.06394,0.96872,30
78,cross_domain_attack+var_conf_pro+delta_H+prediction_volatility,4,5,0.37042,0.06931,0.14859,0.0278,4.90837,1.7173,30
78,cross_domain_attack+var_conf_pro+delta_H+prediction_volatility,4,10,0.31784,0.05054,0.25499,0.04054,4.18969,1.21846,30
78,cross_domain_attack+var_conf_pro+delta_H+prediction_volatility,4,15,0.29061,0.03967,0.34972,0.04774,4.00125,1.04979,30
78,cross_domain_attack+var_conf_pro+delta_H+prediction_volatility,4,20,0.26984,0.03267,0.43296,0.05242,3.92738,1.03208,30
79,cross_domain_attack+var_conf_pro+semantic_coherence+prediction_volatility,4,5,0.39202,0.07481,0.15725,0.03001,5.47085,1.98112,30
79,cross_domain_attack+var_conf_pro+semantic_coherence+prediction_volatility,4,10,0.32958,0.04824,0.26441,0.0387,4.46713,1.2213,30
79,cross_domain_attack+var_conf_pro+semantic_coherence+prediction_volatility,4,15,0.29296,0.03429,0.35254,0.04127,4.03566,0.91756,30
79,cross_domain_attack+var_conf_pro+semantic_coherence+prediction_volatility,4,20,0.27359,0.02832,0.43898,0.04544,4.0151,0.8791,30
80,cross_domain_attack+H_final+delta_H+semantic_coherence,4,5,0.39484,0.07439,0.15838,0.02984,5.53706,1.97231,30
80,cross_domain_attack+H_final+delta_H+semantic_coherence,4,10,0.33709,0.04965,0.27043,0.03983,4.67111,1.31337,30
80,cross_domain_attack+H_final+delta_H+semantic_coherence,4,15,0.30125,0.03444,0.36252,0.04144,4.26996,0.9488,30
80,cross_domain_attack+H_final+delta_H+semantic_coherence,4,20,0.2757,0.02656,0.44237,0.04262,4.07171,0.81486,30
81,cross_domain_attack+H_final+delta_H+prediction_volatility,4,5,0.3831,0.07271,0.15367,0.02916,5.22657,1.8207,30
81,cross_domain_attack+H_final+delta_H+prediction_volatility,4,10,0.323,0.0505,0.25913,0.04052,4.31375,1.22608,30
81,cross_domain_attack+H_final+delta_H+prediction_volatility,4,15,0.29186,0.03676,0.35122,0.04424,4.01783,0.96569,30
81,cross_domain_attack+H_final+delta_H+prediction_volatility,4,20,0.26808,0.03177,0.43013,0.05098,3.86391,0.97525,30
82,cross_domain_attack+H_final+semantic_coherence+prediction_volatility,4,5,0.3892,0.07023,0.15612,0.02817,5.36254,1.80472,30
82,cross_domain_attack+H_final+semantic_coherence+prediction_volatility,4,10,0.33991,0.05231,0.27269,0.04196,4.76187,1.40046,30
82,cross_domain_attack+H_final+semantic_coherence+prediction_volatility,4,15,0.30235,0.04088,0.36384,0.0492,4.34385,1.16634,30
82,cross_domain_attack+H_final+semantic_coherence+prediction_volatility,4,20,0.27746,0.02836,0.4452,0.0455,4.14494,0.9134,30
83,cross_domain_attack+delta_H+semantic_coherence+prediction_volatility,4,5,0.38779,0.0765,0.15556,0.03069,5.3797,2.0262,30
83,cross_domain_attack+delta_H+semantic_coherence+prediction_volatility,4,10,0.32934,0.05184,0.26422,0.04159,4.48495,1.34767,30
83,cross_domain_attack+delta_H+semantic_coherence+prediction_volatility,4,15,0.2975,0.03915,0.358,0.04712,4.19192,1.08909,30
83,cross_domain_attack+delta_H+semantic_coherence+prediction_volatility,4,20,0.27594,0.02796,0.44275,0.04487,4.09238,0.90921,30
84,conf_gap_change+var_conf_pro+H_final+delta_H,4,5,0.36667,0.06326,0.14708,0.02537,4.78507,1.55212,30
84,conf_gap_change+var_conf_pro+H_final+delta_H,4,10,0.32136,0.04622,0.25782,0.03708,4.25707,1.18869,30
84,conf_gap_change+var_conf_pro+H_final+delta_H,4,15,0.29499,0.03893,0.35499,0.04685,4.11603,1.0281,30
84,conf_gap_change+var_conf_pro+H_final+delta_H,4,20,0.27136,0.02859,0.4354,0.04587,3.94523,0.8826,30
85,conf_gap_change+var_conf_pro+H_final+semantic_coherence,4,5,0.3892,0.07215,0.15612,0.02894,5.36935,1.79956,30
85,conf_gap_change+var_conf_pro+H_final+semantic_coherence,4,10,0.32512,0.04755,0.26083,0.03815,4.34632,1.12431,30
85,conf_gap_change+var_conf_pro+H_final+semantic_coherence,4,15,0.29233,0.04296,0.35179,0.05169,4.06879,1.14297,30
85,conf_gap_change+var_conf_pro+H_final+semantic_coherence,4,20,0.27218,0.03276,0.43672,0.05256,4.00118,1.01834,30
86,conf_gap_change+var_conf_pro+H_final+prediction_volatility,4,5,0.35869,0.06063,0.14388,0.02432,4.58386,1.34298,30
86,conf_gap_change+var_conf_pro+H_final+prediction_volatility,4,10,0.32347,0.05483,0.25951,0.04399,4.35524,1.39096,30
86,conf_gap_change+var_conf_pro+H_final+prediction_volatility,4,15,0.29155,0.03807,0.35085,0.04581,4.01785,1.01499,30
86,conf_gap_change+var_conf_pro+H_final+prediction_volatility,4,20,0.27113,0.03236,0.43503,0.05193,3.9641,0.99846,30
87,conf_gap_change+var_conf_pro+delta_H+semantic_coherence,4,5,0.38122,0.072,0.15292,0.02888,5.17779,1.80293,30
87,conf_gap_change+var_conf_pro+delta_H+semantic_coherence,4,10,0.32934,0.05444,0.26422,0.04368,4.49331,1.34116,30
87,conf_gap_change+var_conf_pro+delta_H+semantic_coherence,4,15,0.29233,0.0393,0.35179,0.04729,4.04818,1.07125,30
87,conf_gap_change+var_conf_pro+delta_H+semantic_coherence,4,20,0.27289,0.03101,0.43785,0.04976,4.01187,0.97421,30
88,conf_gap_change+var_conf_pro+delta_H+prediction_volatility,4,5,0.37089,0.06014,0.14878,0.02412,4.85861,1.4184,30
88,conf_gap_change+var_conf_pro+delta_H+prediction_volatility,4,10,0.32089,0.04839,0.25744,0.03882,4.24823,1.13876,30
88,conf_gap_change+var_conf_pro+delta_H+prediction_volatility,4,15,0.2892,0.03855,0.34802,0.04639,3.95664,1.01875,30
88,conf_gap_change+var_conf_pro+delta_H+prediction_volatility,4,20,0.27113,0.02981,0.43503,0.04782,3.94781,0.94208,30
89,conf_gap_change+var_conf_pro+semantic_coherence+prediction_volatility,4,5,0.38732,0.07293,0.15537,0.02925,5.31856,1.73304,30
89,conf_gap_change+var_conf_pro+semantic_coherence+prediction_volatility,4,10,0.32981,0.05881,0.2646,0.04718,4.53925,1.50557,30
89,conf_gap_change+var_conf_pro+semantic_coherence+prediction_volatility,4,15,0.29577,0.03928,0.35593,0.04727,4.14134,1.05162,30
89,conf_gap_change+var_conf_pro+semantic_coherence+prediction_volatility,4,20,0.2757,0.03197,0.44237,0.05129,4.1091,0.99384,30
90,conf_gap_change+H_final+delta_H+semantic_coherence,4,5,0.38638,0.06593,0.15499,0.02644,5.26398,1.67912,30
90,conf_gap_change+H_final+delta_H+semantic_coherence,4,10,0.32793,0.05249,0.26309,0.04211,4.45213,1.34628,30
90,conf_gap_change+H_final+delta_H+semantic_coherence,4,15,0.29577,0.04115,0.35593,0.04952,4.15785,1.1581,30
90,conf_gap_change+H_final+delta_H+semantic_coherence,4,20,0.26995,0.03285,0.43315,0.05271,3.92839,0.99328,30
91,conf_gap_change+H_final+delta_H+prediction_volatility,4,5,0.37981,0.07402,0.15235,0.02969,5.15258,1.81854,30
91,conf_gap_change+H_final+delta_H+prediction_volatility,4,10,0.32089,0.05314,0.25744,0.04263,4.2748,1.26438,30
91,conf_gap_change+H_final+delta_H+prediction_volatility,4,15,0.29124,0.03937,0.35047,0.04737,4.01676,1.05054,30
91,conf_gap_change+H_final+delta_H+prediction_volatility,4,20,0.27019,0.03129,0.43352,0.0502,3.9237,0.93477,30
92,conf_gap_change+H_final+semantic_coherence+prediction_volatility,4,5,0.39953,0.07885,0.16026,0.03163,5.69872,2.1709,30
92,conf_gap_change+H_final+semantic_coherence+prediction_volatility,4,10,0.32793,0.05815,0.26309,0.04665,4.48931,1.50701,30
92,conf_gap_change+H_final+semantic_coherence+prediction_volatility,4,15,0.30031,0.04489,0.36139,0.05402,4.31172,1.26169,30
92,conf_gap_change+H_final+semantic_coherence+prediction_volatility,4,20,0.27559,0.03125,0.44218,0.05014,4.10061,0.98167,30
93,conf_gap_change+delta_H+semantic_coherence+prediction_volatility,4,5,0.38592,0.0835,0.1548,0.03349,5.38132,2.17083,30
93,conf_gap_change+delta_H+semantic_coherence+prediction_volatility,4,10,0.32676,0.05236,0.26215,0.04201,4.42167,1.33247,30
93,conf_gap_change+delta_H+semantic_coherence+prediction_volatility,4,15,0.2964,0.04019,0.35669,0.04837,4.16956,1.13513,30
93,conf_gap_change+delta_H+semantic_coherence+prediction_volatility,4,20,0.27523,0.03189,0.44162,0.05116,4.09671,1.0309,30
94,var_conf_pro+H_final+delta_H+semantic_coherence,4,5,0.3939,0.08133,0.158,0.03262,5.57652,2.23735,30
94,var_conf_pro+H_final+delta_H+semantic_coherence,4,10,0.33146,0.04983,0.26591,0.03998,4.52654,1.30521,30
94,var_conf_pro+H_final+delta_H+semantic_coherence,4,15,0.2975,0.04131,0.358,0.04971,4.2043,1.13214,30
94,var_conf_pro+H_final+delta_H+semantic_coherence,4,20,0.27617,0.03066,0.44313,0.0492,4.11597,0.9626,30
95,var_conf_pro+H_final+delta_H+prediction_volatility,4,5,0.36901,0.06824,0.14802,0.02737,4.86068,1.61093,30
95,var_conf_pro+H_final+delta_H+prediction_volatility,4,10,0.32136,0.0487,0.25782,0.03907,4.26125,1.14715,30
95,var_conf_pro+H_final+delta_H+prediction_volatility,4,15,0.28732,0.03898,0.34576,0.0469,3.9088,1.02076,30
95,var_conf_pro+H_final+delta_H+prediction_volatility,4,20,0.2662,0.03141,0.42712,0.05039,3.79907,0.91585,30
96,var_conf_pro+H_final+semantic_coherence+prediction_volatility,4,5,0.39108,0.07283,0.15687,0.02921,5.42924,1.90188,30
96,var_conf_pro+H_final+semantic_coherence+prediction_volatility,4,10,0.32629,0.04905,0.26177,0.03935,4.38741,1.21064,30
96,var_conf_pro+H_final+semantic_coherence+prediction_volatility,4,15,0.29703,0.03573,0.35744,0.043,4.15884,0.99712,30
96,var_conf_pro+H_final+semantic_coherence+prediction_volatility,4,20,0.27535,0.02907,0.44181,0.04665,4.08199,0.95866,30
97,var_conf_pro+delta_H+semantic_coherence+prediction_volatility,4,5,0.38545,0.07754,0.15461,0.0311,5.32635,2.02445,30
97,var_conf_pro+delta_H+semantic_coherence+prediction_volatility,4,10,0.33474,0.04927,0.26855,0.03953,4.61046,1.32601,30
97,var_conf_pro+delta_H+semantic_coherence+prediction_volatility,4,15,0.2964,0.03875,0.35669,0.04663,4.1596,1.08254,30
97,var_conf_pro+delta_H+semantic_coherence+prediction_volatility,4,20,0.27371,0.02643,0.43917,0.04241,4.0073,0.82576,30
98,H_final+delta_H+semantic_coherence+prediction_volatility,4,5,0.38732,0.08359,0.15537,0.03353,5.41821,2.18942,30
98,H_final+delta_H+semantic_coherence+prediction_volatility,4,10,0.32723,0.05114,0.26252,0.04103,4.42739,1.31756,30
98,H_final+delta_H+semantic_coherence+prediction_volatility,4,15,0.29577,0.03808,0.35593,0.04583,4.13851,1.06994,30
98,H_final+delta_H+semantic_coherence+prediction_volatility,4,20,0.2743,0.02866,0.44011,0.04598,4.04167,0.90726,30
99,cross_domain_attack+conf_gap_change+var_conf_pro+H_final+delta_H,5,5,0.36573,0.07071,0.1467,0.02836,4.80921,1.7445,30
99,cross_domain_attack+conf_gap_change+var_conf_pro+H_final+delta_H,5,10,0.32488,0.05094,0.26064,0.04087,4.36493,1.27451,30
99,cross_domain_attack+conf_gap_change+var_conf_pro+H_final+delta_H,5,15,0.29233,0.03895,0.35179,0.04687,4.04319,1.02647,30
99,cross_domain_attack+conf_gap_change+var_conf_pro+H_final+delta_H,5,20,0.26772,0.02919,0.42957,0.04684,3.83512,0.89726,30
100,cross_domain_attack+conf_gap_change+var_conf_pro+H_final+semantic_coherence,5,5,0.38545,0.07318,0.15461,0.02936,5.28057,1.78995,30
100,cross_domain_attack+conf_gap_change+var_conf_pro+H_final+semantic_coherence,5,10,0.32183,0.05408,0.25819,0.04339,4.30535,1.31585,30
100,cross_domain_attack+conf_gap_change+var_conf_pro+H_final+semantic_coherence,5,15,0.29593,0.03833,0.35612,0.04613,4.14303,1.06278,30
100,cross_domain_attack+conf_gap_change+var_conf_pro+H_final+semantic_coherence,5,20,0.27383,0.0308,0.43936,0.04942,4.03976,0.95756,30
101,cross_domain_attack+conf_gap_change+var_conf_pro+H_final+prediction_volatility,5,5,0.36667,0.06744,0.14708,0.02705,4.79725,1.52869,30
101,cross_domain_attack+conf_gap_change+var_conf_pro+H_final+prediction_volatility,5,10,0.32089,0.05026,0.25744,0.04032,4.26043,1.21197,30
101,cross_domain_attack+conf_gap_change+var_conf_pro+H_final+prediction_volatility,5,15,0.28967,0.04013,0.34859,0.04829,3.98089,1.08303,30
101,cross_domain_attack+conf_gap_change+var_conf_pro+H_final+prediction_volatility,5,20,0.26901,0.03507,0.43164,0.05627,3.91587,1.05773,30
102,cross_domain_attack+conf_gap_change+var_conf_pro+delta_H+semantic_coherence,5,5,0.38592,0.06916,0.1548,0.02774,5.26802,1.72291,30
102,cross_domain_attack+conf_gap_change+var_conf_pro+delta_H+semantic_coherence,5,10,0.33169,0.05193,0.2661,0.04166,4.54119,1.32022,30
102,cross_domain_attack+conf_gap_change+var_conf_pro+delta_H+semantic_coherence,5,15,0.29844,0.03947,0.35913,0.04749,4.22049,1.10058,30
102,cross_domain_attack+conf_gap_change+var_conf_pro+delta_H+semantic_coherence,5,20,0.27512,0.03188,0.44143,0.05115,4.09166,1.01519,30
103,cross_domain_attack+conf_gap_change+var_conf_pro+delta_H+prediction_volatility,5,5,0.36901,0.05923,0.14802,0.02376,4.80476,1.31415,30
103,cross_domain_attack+conf_gap_change+var_conf_pro+delta_H+prediction_volatility,5,10,0.32441,0.05283,0.26026,0.04238,4.36244,1.30285,30
103,cross_domain_attack+conf_gap_change+var_conf_pro+delta_H+prediction_volatility,5,15,0.29374,0.0414,0.35348,0.04982,4.09796,1.10841,30
103,cross_domain_attack+conf_gap_change+var_conf_pro+delta_H+prediction_volatility,5,20,0.27042,0.03439,0.4339,0.05518,3.95348,1.02807,30
104,cross_domain_attack+conf_gap_change+var_conf_pro+semantic_coherence+prediction_volatility,5,5,0.39577,0.07735,0.15876,0.03103,5.5961,2.15729,30
104,cross_domain_attack+conf_gap_change+var_conf_pro+semantic_coherence+prediction_volatility,5,10,0.32981,0.05198,0.2646,0.0417,4.49388,1.31133,30
104,cross_domain_attack+conf_gap_change+var_conf_pro+semantic_coherence+prediction_volatility,5,15,0.30329,0.0395,0.36497,0.04754,4.35941,1.10014,30
104,cross_domain_attack+conf_gap_change+var_conf_pro+semantic_coherence+prediction_volatility,5,20,0.27629,0.03016,0.44331,0.04839,4.11703,0.95339,30
105,cross_domain_attack+conf_gap_change+H_final+delta_H+semantic_coherence,5,5,0.39155,0.06538,0.15706,0.02622,5.39216,1.71536,30
105,cross_domain_attack+conf_gap_change+H_final+delta_H+semantic_coherence,5,10,0.33169,0.04971,0.2661,0.03988,4.52936,1.26751,30
105,cross_domain_attack+conf_gap_change+H_final+delta_H+semantic_coherence,5,15,0.30078,0.03588,0.36196,0.04318,4.26711,1.01907,30
105,cross_domain_attack+conf_gap_change+H_final+delta_H+semantic_coherence,5,20,0.27664,0.03071,0.44388,0.04927,4.13301,0.97834,30
106,cross_domain_attack+conf_gap_change+H_final+delta_H+prediction_volatility,5,5,0.37606,0.07509,0.15085,0.03012,5.08317,1.94588,30
106,cross_domain_attack+conf_gap_change+H_final+delta_H+prediction_volatility,5,10,0.32512,0.05309,0.26083,0.04259,4.38538,1.35305,30
106,cross_domain_attack+conf_gap_change+H_final+delta_H+prediction_volatility,5,15,0.29562,0.03948,0.35574,0.04751,4.13864,1.06296,30
106,cross_domain_attack+conf_gap_change+H_final+delta_H+prediction_volatility,5,20,0.27124,0.03155,0.43522,0.05063,3.96109,0.96655,30
107,cross_domain_attack+conf_gap_change+H_final+semantic_coherence+prediction_volatility,5,5,0.38545,0.082,0.15461,0.03289,5.34825,2.04006,30
107,cross_domain_attack+conf_gap_change+H_final+semantic_coherence+prediction_volatility,5,10,0.32746,0.06202,0.26271,0.04976,4.50702,1.62952,30
107,cross_domain_attack+conf_gap_change+H_final+semantic_coherence+prediction_volatility,5,15,0.2975,0.04286,0.358,0.05158,4.21755,1.20549,30
107,cross_domain_attack+conf_gap_change+H_final+semantic_coherence+prediction_volatility,5,20,0.27441,0.03035,0.4403,0.04869,4.05728,0.96241,30
108,cross_domain_attack+conf_gap_change+delta_H+semantic_coherence+prediction_volatility,5,5,0.39061,0.0782,0.15669,0.03137,5.4399,1.89528,30
108,cross_domain_attack+conf_gap_change+delta_H+semantic_coherence+prediction_volatility,5,10,0.32981,0.0579,0.2646,0.04645,4.53723,1.52503,30
108,cross_domain_attack+conf_gap_change+delta_H+semantic_coherence+prediction_volatility,5,15,0.3,0.04069,0.36102,0.04897,4.27874,1.20431,30
108,cross_domain_attack+conf_gap_change+delta_H+semantic_coherence+prediction_volatility,5,20,0.27512,0.02953,0.44143,0.04738,4.07703,0.96731,30
109,cross_domain_attack+var_conf_pro+H_final+delta_H+semantic_coherence,5,5,0.3892,0.07736,0.15612,0.03103,5.41426,2.00159,30
109,cross_domain_attack+var_conf_pro+H_final+delta_H+semantic_coherence,5,10,0.32911,0.05353,0.26403,0.04295,4.48341,1.33146,30
109,cross_domain_attack+var_conf_pro+H_final+delta_H+semantic_coherence,5,15,0.29515,0.03861,0.35518,0.04646,4.12007,1.03546,30
109,cross_domain_attack+var_conf_pro+H_final+delta_H+semantic_coherence,5,20,0.27324,0.02993,0.43842,0.04802,4.01529,0.93759,30
110,cross_domain_attack+var_conf_pro+H_final+delta_H+prediction_volatility,5,5,0.37606,0.0699,0.15085,0.02804,5.03857,1.71848,30
110,cross_domain_attack+var_conf_pro+H_final+delta_H+prediction_volatility,5,10,0.31526,0.04906,0.25292,0.03936,4.11859,1.15385,30
110,cross_domain_attack+var_conf_pro+H_final+delta_H+prediction_volatility,5,15,0.28607,0.03963,0.34426,0.04768,3.87856,1.02515,30
110,cross_domain_attack+var_conf_pro+H_final+delta_H+prediction_volatility,5,20,0.26561,0.03224,0.42618,0.05173,3.78893,0.96131,30
111,cross_domain_attack+var_conf_pro+H_final+semantic_coherence+prediction_volatility,5,5,0.38404,0.062,0.15405,0.02487,5.17635,1.48635,30
111,cross_domain_attack+var_conf_pro+H_final+semantic_coherence+prediction_volatility,5,10,0.32465,0.05052,0.26045,0.04053,4.35838,1.28243,30
111,cross_domain_attack+var_conf_pro+H_final+semantic_coherence+prediction_volatility,5,15,0.29296,0.03681,0.35254,0.0443,4.05169,1.01153,30
111,cross_domain_attack+var_conf_pro+H_final+semantic_coherence+prediction_volatility,5,20,0.27312,0.0253,0.43823,0.0406,3.98132,0.78316,30
112,cross_domain_attack+var_conf_pro+delta_H+semantic_coherence+prediction_volatility,5,5,0.38028,0.07267,0.15254,0.02915,5.15195,1.74911,30
112,cross_domain_attack+var_conf_pro+delta_H+semantic_coherence+prediction_volatility,5,10,0.32723,0.05285,0.26252,0.0424,4.43461,1.33252,30
112,cross_domain_attack+var_conf_pro+delta_H+semantic_coherence+prediction_volatility,5,15,0.29421,0.0399,0.35405,0.04802,4.1033,1.08632,30
112,cross_domain_attack+var_conf_pro+delta_H+semantic_coherence+prediction_volatility,5,20,0.27242,0.02958,0.4371,0.04747,3.98754,0.93455,30
113,cross_domain_attack+H_final+delta_H+semantic_coherence+prediction_volatility,5,5,0.39155,0.08291,0.15706,0.03326,5.53995,2.32891,30
113,cross_domain_attack+H_final+delta_H+semantic_coherence+prediction_volatility,5,10,0.33239,0.05396,0.26667,0.04329,4.57949,1.44954,30
113,cross_domain_attack+H_final+delta_H+semantic_coherence+prediction_volatility,5,15,0.30125,0.04026,0.36252,0.04844,4.312,1.1884,30
113,cross_domain_attack+H_final+delta_H+semantic_coherence+prediction_volatility,5,20,0.27218,0.03021,0.43672,0.04847,3.98722,0.98538,30
114,conf_gap_change+var_conf_pro+H_final+delta_H+semantic_coherence,5,5,0.39296,0.06226,0.15763,0.02497,5.39803,1.53909,30
114,conf_gap_change+var_conf_pro+H_final+delta_H+semantic_coherence,5,10,0.3277,0.04906,0.2629,0.03936,4.42355,1.23201,30
114,conf_gap_change+var_conf_pro+H_final+delta_H+semantic_coherence,5,15,0.29812,0.03725,0.35876,0.04482,4.19542,1.00639,30
114,conf_gap_change+var_conf_pro+H_final+delta_H+semantic_coherence,5,20,0.27218,0.02835,0.43672,0.04549,3.96863,0.86156,30
115,conf_gap_change+var_conf_pro+H_final+delta_H+prediction_volatility,5,5,0.36385,0.05965,0.14595,0.02393,4.68911,1.29755,30
115,conf_gap_change+var_conf_pro+H_final+delta_H+prediction_volatility,5,10,0.32019,0.05285,0.25687,0.0424,4.26123,1.30809,30
115,conf_gap_change+var_conf_pro+H_final+delta_H+prediction_volatility,5,15,0.29139,0.0369,0.35066,0.04441,4.00831,0.99795,30
115,conf_gap_change+var_conf_pro+H_final+delta_H+prediction_volatility,5,20,0.2689,0.03056,0.43145,0.04904,3.87946,0.92578,30
116,conf_gap_change+var_conf_pro+H_final+semantic_coherence+prediction_volatility,5,5,0.39484,0.07196,0.15838,0.02886,5.50759,1.81258,30
116,conf_gap_change+var_conf_pro+H_final+semantic_coherence+prediction_volatility,5,10,0.32559,0.05266,0.26121,0.04224,4.38909,1.28488,30
116,conf_gap_change+var_conf_pro+H_final+semantic_coherence+prediction_volatility,5,15,0.2964,0.0381,0.35669,0.04584,4.15504,1.06126,30
116,conf_gap_change+var_conf_pro+H_final+semantic_coherence+prediction_volatility,5,20,0.27277,0.02763,0.43766,0.04433,3.98486,0.86705,30
117,conf_gap_change+var_conf_pro+delta_H+semantic_coherence+prediction_volatility,5,5,0.37277,0.06499,0.14953,0.02607,4.92734,1.53098,30
117,conf_gap_change+var_conf_pro+delta_H+semantic_coherence+prediction_volatility,5,10,0.32183,0.05561,0.25819,0.04461,4.3161,1.36601,30
117,conf_gap_change+var_conf_pro+delta_H+semantic_coherence+prediction_volatility,5,15,0.28889,0.03867,0.34765,0.04654,3.95079,1.03904,30
117,conf_gap_change+var_conf_pro+delta_H+semantic_coherence+prediction_volatility,5,20,0.26972,0.03101,0.43277,0.04976,3.91029,0.96112,30
118,conf_gap_change+H_final+delta_H+semantic_coherence+prediction_volatility,5,5,0.38873,0.07216,0.15593,0.02895,5.36094,1.82984,30
118,conf_gap_change+H_final+delta_H+semantic_coherence+prediction_volatility,5,10,0.32606,0.05059,0.26158,0.04058,4.39121,1.25815,30
118,conf_gap_change+H_final+delta_H+semantic_coherence+prediction_volatility,5,15,0.2939,0.03851,0.35367,0.04634,4.08798,1.06782,30
118,conf_gap_change+H_final+delta_H+semantic_coherence+prediction_volatility,5,20,0.26995,0.03076,0.43315,0.04935,3.91525,0.94593,30
119,var_conf_pro+H_final+delta_H+semantic_coherence+prediction_volatility,5,5,0.38592,0.06926,0.1548,0.02778,5.26445,1.67008,30
119,var_conf_pro+H_final+delta_H+semantic_coherence+prediction_volatility,5,10,0.33099,0.0462,0.26554,0.03706,4.49197,1.17887,30
119,var_conf_pro+H_final+delta_H+semantic_coherence+prediction_volatility,5,15,0.3,0.04247,0.36102,0.0511,4.28737,1.21283,30
119,var_conf_pro+H_final+delta_H+semantic_coherence+prediction_volatility,5,20,0.27383,0.02866,0.43936,0.04599,4.0255,0.89518,30
120,cross_domain_attack+conf_gap_change+var_conf_pro+H_final+delta_H+semantic_coherence,6,5,0.38122,0.05963,0.15292,0.02392,5.10024,1.4781,30
120,cross_domain_attack+conf_gap_change+var_conf_pro+H_final+delta_H+semantic_coherence,6,10,0.3223,0.05033,0.25857,0.04038,4.29706,1.24154,30
120,cross_domain_attack+conf_gap_change+var_conf_pro+H_final+delta_H+semantic_coherence,6,15,0.29593,0.03915,0.35612,0.04712,4.14705,1.07421,30
120,cross_domain_attack+conf_gap_change+var_conf_pro+H_final+delta_H+semantic_coherence,6,20,0.27136,0.02884,0.4354,0.04628,3.9481,0.9052,30
121,cross_domain_attack+conf_gap_change+var_conf_pro+H_final+delta_H+prediction_volatility,6,5,0.3554,0.07292,0.14256,0.02925,4.58176,1.66419,30
121,cross_domain_attack+conf_gap_change+var_conf_pro+H_final+delta_H+prediction_volatility,6,10,0.31854,0.05275,0.25556,0.04232,4.22052,1.29712,30
121,cross_domain_attack+conf_gap_change+var_conf_pro+H_final+delta_H+prediction_volatility,6,15,0.29045,0.04032,0.34953,0.04853,4.00215,1.07728,30
121,cross_domain_attack+conf_gap_change+var_conf_pro+H_final+delta_H+prediction_volatility,6,20,0.2669,0.03143,0.42825,0.05043,3.825,0.9625,30
122,cross_domain_attack+conf_gap_change+var_conf_pro+H_final+semantic_coherence+prediction_volatility,6,5,0.38216,0.06371,0.1533,0.02556,5.14951,1.61954,30
122,cross_domain_attack+conf_gap_change+var_conf_pro+H_final+semantic_coherence+prediction_volatility,6,10,0.3223,0.04472,0.25857,0.03588,4.26604,1.07843,30
122,cross_domain_attack+conf_gap_change+var_conf_pro+H_final+semantic_coherence+prediction_volatility,6,15,0.29202,0.0365,0.35141,0.04392,4.02392,0.9998,30
122,cross_domain_attack+conf_gap_change+var_conf_pro+H_final+semantic_coherence+prediction_volatility,6,20,0.27465,0.02646,0.44068,0.04246,4.04074,0.86262,30
123,cross_domain_attack+conf_gap_change+var_conf_pro+delta_H+semantic_coherence+prediction_volatility,6,5,0.38967,0.06893,0.15631,0.02765,5.36122,1.7292,30
123,cross_domain_attack+conf_gap_change+var_conf_pro+delta_H+semantic_coherence+prediction_volatility,6,10,0.32793,0.05197,0.26309,0.04169,4.44876,1.33089,30
123,cross_domain_attack+conf_gap_change+var_conf_pro+delta_H+semantic_coherence+prediction_volatility,6,15,0.29734,0.03911,0.35782,0.04707,4.18452,1.05844,30
123,cross_domain_attack+conf_gap_change+var_conf_pro+delta_H+semantic_coherence+prediction_volatility,6,20,0.275,0.02961,0.44124,0.04751,4.072,0.9478,30
124,cross_domain_attack+conf_gap_change+H_final+delta_H+semantic_coherence+prediction_volatility,6,5,0.38873,0.08996,0.15593,0.03609,5.49425,2.27562,30
124,cross_domain_attack+conf_gap_change+H_final+delta_H+semantic_coherence+prediction_volatility,6,10,0.32136,0.05425,0.25782,0.04352,4.29591,1.32499,30
124,cross_domain_attack+conf_gap_change+H_final+delta_H+semantic_coherence+prediction_volatility,6,15,0.29546,0.0376,0.35556,0.04524,4.12645,1.05028,30
124,cross_domain_attack+conf_gap_change+H_final+delta_H+semantic_coherence+prediction_volatility,6,20,0.27383,0.02888,0.43936,0.04634,4.03045,0.94368,30
125,cross_domain_attack+var_conf_pro+H_final+delta_H+semantic_coherence+prediction_volatility,6,5,0.36948,0.06857,0.14821,0.02751,4.87483,1.62612,30
125,cross_domain_attack+var_conf_pro+H_final+delta_H+semantic_coherence+prediction_volatility,6,10,0.327,0.0502,0.26234,0.04027,4.41566,1.29096,30
125,cross_domain_attack+var_conf_pro+H_final+delta_H+semantic_coherence+prediction_volatility,6,15,0.2964,0.03711,0.35669,0.04465,4.15146,1.06132,30
125,cross_domain_attack+var_conf_pro+H_final+delta_H+semantic_coherence+prediction_volatility,6,20,0.2743,0.0236,0.44011,0.03787,4.01143,0.76008,30
126,conf_gap_change+var_conf_pro+H_final+delta_H+semantic_coherence+prediction_volatility,6,5,0.38028,0.07057,0.15254,0.02831,5.14013,1.71491,30
126,conf_gap_change+var_conf_pro+H_final+delta_H+semantic_coherence+prediction_volatility,6,10,0.32066,0.04934,0.25725,0.03958,4.25214,1.21435,30
126,conf_gap_change+var_conf_pro+H_final+delta_H+semantic_coherence+prediction_volatility,6,15,0.29452,0.0377,0.35443,0.04537,4.09999,1.04278,30
126,conf_gap_change+var_conf_pro+H_final+delta_H+semantic_coherence+prediction_volatility,6,20,0.26972,0.02773,0.43277,0.0445,3.88835,0.85876,30
127,cross_domain_attack+conf_gap_change+var_conf_pro+H_final+delta_H+semantic_coherence+prediction_volatility,7,5,0.377,0.07559,0.15122,0.03032,5.09558,1.83943,30
127,cross_domain_attack+conf_gap_change+var_conf_pro+H_final+delta_H+semantic_coherence+prediction_volatility,7,10,0.32887,0.05496,0.26384,0.04409,4.48763,1.38442,30
127,cross_domain_attack+conf_gap_change+var_conf_pro+H_final+delta_H+semantic_coherence+prediction_volatility,7,15,0.29671,0.04075,0.35706,0.04904,4.17895,1.12034,30
127,cross_domain_attack+conf_gap_change+var_conf_pro+H_final+delta_H+semantic_coherence+prediction_volatility,7,20,0.27347,0.02866,0.43879,0.04598,4.0142,0.89692,30
